{
  "project_info": {
    "project_number": "850540438242",
    "project_id": "kingsinfo-be2e6",
    "storage_bucket": "kingsinfo-be2e6.appspot.com"
  },
  "client": [
    {
      "client_info": {
        "mobilesdk_app_id": "1:850540438242:android:42b8f72365f7e7dbf374bb",
        "android_client_info": {
          "package_name": "io.ionic.starter"
        }
      },
      "oauth_client": [
        {
          "client_id": "850540438242-ovsbvteosfp5gh8p15ue45ulopmdaprb.apps.googleusercontent.com",
          "client_type": 3
        }
      ],
      "api_key": [
        {
          "current_key": "AIzaSyACvKXuGAdjVeu33bDsjkgCBsdh82DONmE"
        }
      ],
      "services": {
        "appinvite_service": {
          "other_platform_oauth_client": [
            {
              "client_id": "850540438242-ovsbvteosfp5gh8p15ue45ulopmdaprb.apps.googleusercontent.com",
              "client_type": 3
            }
          ]
        }
      }
    }
  ],
  "configuration_version": "1"
}